created_at,PM1.0_CF1_ug/m3,PM2.5_CF1_ug/m3,PM10.0_CF1_ug/m3,UptimeMinutes,RSSI_dbm,Temperature_F,Humidity_%,PM2.5_ATM_ug/m3,
2022-01-01 00:00:00 UTC,13.11,18.18,26.75,36400.00,-81.31,79.89,67.52,18.18
2022-01-01 04:00:00 UTC,17.67,25.90,38.49,36640.00,-80.54,78.93,70.08,24.49
2022-01-01 08:00:00 UTC,4.98,8.08,17.87,36880.00,-79.74,77.72,70.75,8.08
2022-01-01 12:00:00 UTC,5.15,8.31,18.90,37120.00,-79.74,79.11,68.17,8.31
2022-01-01 16:00:00 UTC,12.89,17.56,27.05,37360.00,-80.51,86.62,52.52,17.55
2022-01-01 20:00:00 UTC,17.14,22.98,32.70,37600.00,-81.44,90.03,46.38,22.91,
2022-01-02 00:00:00 UTC,26.08,36.80,51.21,37840.00,-79.88,80.92,63.60,33.54
2022-01-02 04:00:00 UTC,26.88,38.60,51.69,38080.00,-79.71,75.72,63.05,32.79
2022-01-02 08:00:00 UTC,10.45,15.17,21.85,38320.00,-79.42,53.58,52.96,15.17
2022-01-02 12:00:00 UTC,8.06,12.34,18.23,38560.00,-80.77,43.34,50.20,12.33
2022-01-02 16:00:00 UTC,2.66,4.41,5.98,38800.00,-80.26,52.36,30.12,4.41
2022-01-02 20:00:00 UTC,1.31,2.19,3.11,39040.00,-79.77,55.54,27.19,2.19,
2022-01-03 00:00:00 UTC,1.86,2.93,3.95,39280.00,-79.88,44.70,39.68,2.89
2022-01-03 04:00:00 UTC,1.66,2.92,4.10,39520.00,-80.62,42.93,42.79,2.92
2022-01-03 08:00:00 UTC,1.45,2.63,3.78,39760.00,-80.43,40.87,43.49,2.63
2022-01-03 12:00:00 UTC,4.22,5.92,9.94,40000.00,-79.15,42.68,42.58,5.92
2022-01-03 16:00:00 UTC,2.84,3.85,6.56,40240.00,-77.92,63.78,19.87,3.85
2022-01-03 20:00:00 UTC,6.25,8.25,11.35,40480.00,-77.88,70.11,15.17,8.25,
2022-01-04 00:00:00 UTC,14.54,19.84,28.12,40720.00,-77.26,52.58,33.98,19.48
2022-01-04 04:00:00 UTC,24.47,33.24,45.26,40960.00,-77.84,47.04,48.47,31.78
2022-01-04 08:00:00 UTC,20.38,27.39,36.86,41200.00,-75.89,48.78,47.33,26.90
2022-01-04 12:00:00 UTC,14.45,19.88,28.80,41440.00,-75.76,52.54,47.87,19.79
2022-01-04 16:00:00 UTC,6.25,8.90,12.30,41680.00,-78.48,73.58,31.72,8.90
2022-01-04 20:00:00 UTC,2.24,2.93,4.32,41920.00,-78.28,72.97,38.87,2.93,
2022-01-05 00:00:00 UTC,4.25,5.43,7.90,42160.00,-77.98,64.48,55.47,5.43
2022-01-05 04:00:00 UTC,8.93,11.20,14.71,42400.00,-77.85,60.62,64.38,11.20
2022-01-05 08:00:00 UTC,9.38,12.51,16.66,42641.18,-76.82,60.50,67.92,12.51
2022-01-05 12:00:00 UTC,10.57,14.74,20.35,42880.00,-77.29,63.45,66.33,14.74
2022-01-05 16:00:00 UTC,3.75,5.25,7.81,43118.72,-76.90,84.77,38.33,5.25
2022-01-05 20:00:00 UTC,4.47,6.14,9.17,43359.00,-77.78,83.98,40.73,6.14,
2022-01-06 00:00:00 UTC,5.71,8.08,11.11,43599.00,-82.02,71.51,61.71,8.08
2022-01-06 04:00:00 UTC,6.89,9.84,12.45,43839.00,-85.06,68.24,66.94,9.84
2022-01-06 08:00:00 UTC,7.81,12.21,16.77,44079.83,-84.36,67.55,71.76,12.21
2022-01-06 12:00:00 UTC,10.46,16.34,23.13,44319.00,-81.38,70.02,72.59,16.34
2022-01-06 16:00:00 UTC,12.19,16.69,22.20,44559.00,-76.74,81.83,45.02,16.69
2022-01-06 20:00:00 UTC,11.74,15.66,19.63,44799.79,-80.76,83.75,25.05,14.44,
2022-01-07 00:00:00 UTC,15.58,21.07,26.07,45039.00,-80.52,62.19,39.14,19.85
2022-01-07 04:00:00 UTC,8.58,12.65,16.33,45279.00,-79.08,53.36,48.20,12.65
2022-01-07 08:00:00 UTC,7.09,10.38,13.50,45519.00,-78.28,47.02,56.68,10.38
2022-01-07 12:00:00 UTC,14.52,21.08,27.63,45759.00,-79.69,46.56,58.05,21.06
2022-01-07 16:00:00 UTC,19.72,27.85,36.12,45999.00,-80.83,53.51,55.19,27.53
2022-01-07 20:00:00 UTC,13.09,18.29,23.03,46239.00,-83.50,56.97,54.89,18.29,
2022-01-08 00:00:00 UTC,13.12,18.51,26.22,46479.00,-76.93,55.56,58.08,18.51
2022-01-08 04:00:00 UTC,11.95,16.80,23.33,46719.00,-76.41,58.03,65.62,16.80
2022-01-08 08:00:00 UTC,20.08,30.34,44.79,46959.00,-76.54,60.42,74.38,29.25
2022-01-08 12:00:00 UTC,13.25,20.25,33.16,47199.00,-78.72,64.91,78.72,20.23
2022-01-08 16:00:00 UTC,9.22,13.48,22.88,42928.51,-76.69,73.33,77.53,13.47
2022-01-08 20:00:00 UTC,5.30,7.99,13.83,148.00,-83.50,75.57,77.00,7.99,
2022-01-09 00:00:00 UTC,6.76,9.83,16.93,308.00,-85.28,76.00,76.10,9.83
2022-01-09 04:00:00 UTC,8.51,12.37,21.67,25.00,-73.60,76.00,75.10,12.37
2022-01-09 08:00:00 UTC,6.61,9.64,16.65,166.49,-81.08,75.92,73.19,9.64
2022-01-09 12:00:00 UTC,6.78,9.68,15.27,404.25,-81.02,76.50,71.70,9.68
2022-01-09 16:00:00 UTC,11.09,15.54,21.32,645.00,-82.62,82.59,62.87,15.54
2022-01-09 20:00:00 UTC,12.26,17.45,21.06,885.00,-84.10,80.23,53.85,17.45,
2022-01-10 00:00:00 UTC,13.54,19.44,25.70,1125.00,-80.12,65.21,60.39,19.36
2022-01-10 04:00:00 UTC,10.71,15.45,20.85,1365.00,-79.51,61.47,65.05,15.45
2022-01-10 08:00:00 UTC,8.39,11.45,15.28,1605.00,-79.26,59.24,62.25,11.45
2022-01-10 12:00:00 UTC,4.16,5.76,8.53,1845.00,-80.10,53.88,44.12,5.76
2022-01-10 16:00:00 UTC,2.00,2.82,4.73,2085.00,-80.91,67.32,25.46,2.82
2022-01-10 20:00:00 UTC,0.69,1.32,2.10,2325.00,-78.46,71.14,19.58,1.32,
2022-01-11 00:00:00 UTC,1.55,2.61,4.01,2565.00,-78.92,56.72,29.52,2.61
2022-01-11 04:00:00 UTC,1.89,2.83,3.51,2805.00,-78.63,52.58,34.43,2.83
2022-01-11 08:00:00 UTC,2.94,4.22,5.20,3045.88,-79.90,50.41,39.70,4.22
2022-01-11 12:00:00 UTC,4.62,6.57,8.40,3285.00,-81.97,51.06,40.35,6.57
2022-01-11 16:00:00 UTC,1.41,2.45,3.58,3525.00,-83.00,61.99,26.42,2.45
2022-01-11 20:00:00 UTC,1.84,2.97,4.09,3765.00,-83.48,64.58,25.62,2.97,
2022-01-12 00:00:00 UTC,2.68,3.95,5.88,4005.00,-80.47,59.33,32.75,3.95
2022-01-12 04:00:00 UTC,4.51,6.33,9.94,4245.00,-77.88,57.90,41.45,6.33
2022-01-12 08:00:00 UTC,5.01,7.13,11.23,4485.00,-78.05,57.02,47.12,7.13
2022-01-12 12:00:00 UTC,5.73,7.95,12.31,4725.00,-79.10,57.80,47.78,7.95
2022-01-12 16:00:00 UTC,11.16,15.11,20.44,4965.00,-79.77,63.78,39.51,15.10
2022-01-12 20:00:00 UTC,24.72,35.61,45.70,5205.00,-79.92,68.19,36.74,29.06,
2022-01-13 00:00:00 UTC,16.02,22.15,28.48,5445.80,-81.33,62.18,49.65,20.20
2022-01-13 04:00:00 UTC,21.33,29.03,36.91,5686.00,-80.46,56.47,60.16,28.63
2022-01-13 08:00:00 UTC,23.27,31.70,40.80,5926.00,-80.54,52.78,64.09,30.69
2022-01-13 12:00:00 UTC,20.50,28.04,35.41,6166.00,-81.90,56.25,60.31,27.46
2022-01-13 16:00:00 UTC,8.52,11.73,14.38,6406.00,-79.58,79.38,29.57,11.73
2022-01-13 20:00:00 UTC,4.70,6.54,8.18,6646.00,-79.14,88.03,19.77,6.54,
2022-01-14 00:00:00 UTC,10.92,15.44,20.20,6886.00,-80.08,66.02,39.82,15.44
2022-01-14 04:00:00 UTC,18.85,26.51,35.11,7126.00,-80.23,58.97,50.25,26.38
2022-01-14 08:00:00 UTC,18.73,25.86,34.64,7366.00,-78.72,55.47,54.96,25.79
2022-01-14 12:00:00 UTC,17.82,24.30,32.89,7606.00,-77.20,58.50,52.44,24.18
2022-01-14 16:00:00 UTC,5.15,6.98,9.49,7846.00,-78.74,81.94,28.20,6.98
2022-01-14 20:00:00 UTC,3.60,4.83,6.77,8085.00,-79.32,87.92,24.95,4.83,
2022-01-15 00:00:00 UTC,9.75,12.95,17.19,8324.00,-78.67,69.82,57.42,12.95
2022-01-15 04:00:00 UTC,18.71,25.44,32.94,8564.00,-78.23,65.55,66.84,24.80
2022-01-15 08:00:00 UTC,8.36,11.41,15.90,8804.00,-78.72,66.04,64.58,11.41
2022-01-15 12:00:00 UTC,4.26,6.12,9.64,9044.00,-78.45,56.60,42.71,6.12
2022-01-15 16:00:00 UTC,3.77,5.54,7.60,9284.00,-80.67,58.02,31.80,5.54
2022-01-15 20:00:00 UTC,5.79,8.29,10.25,9524.00,-78.79,63.29,21.94,8.29,
2022-01-16 00:00:00 UTC,4.08,5.87,7.34,9764.00,-78.96,47.78,32.44,5.87
2022-01-16 04:00:00 UTC,4.11,6.03,7.64,10004.00,-78.89,42.41,39.19,6.03
2022-01-16 08:00:00 UTC,5.96,9.33,13.20,10244.00,-76.47,40.65,45.26,9.33
2022-01-16 12:00:00 UTC,10.20,17.28,25.85,10484.00,-75.13,42.52,47.66,17.28
2022-01-16 16:00:00 UTC,7.28,11.40,15.74,10724.00,-76.70,63.27,29.68,11.40
2022-01-16 20:00:00 UTC,4.45,6.13,8.42,10964.00,-80.13,73.21,22.44,6.13,
2022-01-17 00:00:00 UTC,14.18,20.14,27.43,11204.00,-80.12,54.70,39.86,19.63
2022-01-17 04:00:00 UTC,35.10,50.88,68.42,11444.00,-78.57,47.76,51.73,41.38
2022-01-17 08:00:00 UTC,30.80,44.10,59.52,11684.00,-78.28,44.71,57.36,38.68
2022-01-17 12:00:00 UTC,28.46,39.88,54.27,11924.00,-79.15,48.30,53.96,35.46
2022-01-17 16:00:00 UTC,13.09,17.64,23.65,12164.00,-81.60,76.44,20.40,17.63
2022-01-17 20:00:00 UTC,12.41,16.03,20.53,12404.00,-78.22,83.21,16.28,16.03,
2022-01-18 00:00:00 UTC,11.04,14.85,19.63,12644.00,-75.78,60.69,36.08,14.85
2022-01-18 04:00:00 UTC,8.59,11.79,15.66,12884.00,-74.34,55.41,53.12,11.79
2022-01-18 08:00:00 UTC,7.67,10.78,14.21,13124.79,-75.63,56.05,59.65,10.78
2022-01-18 12:00:00 UTC,4.67,6.60,9.76,13365.00,-75.37,62.70,55.25,6.60
2022-01-18 16:00:00 UTC,2.34,3.13,5.21,13605.00,-79.35,78.07,38.59,3.13
2022-01-18 20:00:00 UTC,1.33,1.85,3.59,13845.00,-80.13,78.51,40.68,1.85,
2022-01-19 00:00:00 UTC,2.36,3.32,6.19,14085.00,-80.20,69.28,58.88,3.32
2022-01-19 04:00:00 UTC,2.90,4.11,7.72,14325.00,-80.71,66.86,65.71,4.11
2022-01-19 08:00:00 UTC,3.52,5.05,10.17,14565.80,-81.14,67.23,67.58,5.05
2022-01-19 12:00:00 UTC,4.76,6.91,12.62,14805.00,-80.18,70.35,67.40,6.91
2022-01-19 16:00:00 UTC,6.92,9.73,14.51,15045.00,-78.72,82.27,50.45,9.73
2022-01-19 20:00:00 UTC,11.71,16.34,21.96,15285.00,-78.54,82.72,48.72,15.57,
2022-01-20 00:00:00 UTC,7.68,11.14,16.88,15525.00,-80.38,75.61,62.13,11.14
2022-01-20 04:00:00 UTC,9.66,13.40,19.07,15765.00,-81.71,63.23,67.36,13.42
2022-01-20 08:00:00 UTC,14.95,23.00,32.16,16005.00,-79.69,52.95,64.18,22.92
2022-01-20 12:00:00 UTC,8.21,11.75,15.18,16245.00,-77.52,49.11,63.89,11.74
2022-01-20 16:00:00 UTC,6.08,8.46,10.29,16485.00,-77.29,49.20,55.89,8.46
2022-01-20 20:00:00 UTC,5.67,8.06,9.80,16725.00,-76.65,48.68,50.76,8.06,
2022-01-21 00:00:00 UTC,2.21,3.45,4.57,16965.00,-76.90,46.85,41.98,3.45
2022-01-21 04:00:00 UTC,2.15,3.40,4.49,17205.00,-75.58,44.72,43.45,3.40
2022-01-21 08:00:00 UTC,2.00,3.19,4.08,17445.00,-74.78,44.33,40.66,3.19
2022-01-21 12:00:00 UTC,1.92,3.18,4.52,17685.00,-75.22,42.98,33.55,3.18
2022-01-21 16:00:00 UTC,2.73,4.20,5.70,17925.00,-73.99,51.03,29.00,4.20
2022-01-21 20:00:00 UTC,2.00,3.25,4.37,18165.00,-75.32,62.24,20.52,3.25,
2022-01-22 00:00:00 UTC,2.61,4.02,5.37,18405.00,-75.62,49.79,30.71,4.02
2022-01-22 04:00:00 UTC,3.00,4.67,6.10,18645.00,-75.67,45.02,35.25,4.67
2022-01-22 08:00:00 UTC,5.80,8.95,11.65,18885.00,-74.82,40.26,42.39,8.95
2022-01-22 12:00:00 UTC,7.23,11.00,13.88,19125.00,-76.19,39.83,45.13,11.00
2022-01-22 16:00:00 UTC,5.50,7.75,10.96,19365.00,-78.56,59.95,25.02,7.46
2022-01-22 20:00:00 UTC,5.83,7.77,10.54,19605.00,-75.26,69.19,19.32,7.69,
2022-01-23 00:00:00 UTC,8.24,11.37,15.73,19845.00,-73.55,53.32,31.87,11.37
2022-01-23 04:00:00 UTC,7.88,11.06,14.42,20085.04,-71.62,48.79,36.49,11.06
2022-01-23 08:00:00 UTC,9.37,12.59,16.74,20326.00,-69.74,48.45,39.32,12.59
2022-01-23 12:00:00 UTC,8.66,11.85,15.82,20566.00,-70.00,50.58,36.10,11.85
2022-01-23 16:00:00 UTC,12.21,16.32,20.51,20806.00,-70.71,69.62,21.80,16.32
2022-01-23 20:00:00 UTC,42.71,64.21,78.78,21046.00,-71.40,73.91,20.42,49.35,
2022-01-24 00:00:00 UTC,13.55,18.42,22.58,21286.00,-70.56,59.89,36.92,18.26
2022-01-24 04:00:00 UTC,11.74,16.05,19.49,21526.00,-70.20,58.99,40.12,16.05
2022-01-24 08:00:00 UTC,11.44,15.51,19.52,21766.00,-70.03,59.00,44.85,15.51
2022-01-24 12:00:00 UTC,14.94,20.35,27.36,22005.00,-72.85,56.69,59.27,20.12
2022-01-24 16:00:00 UTC,15.31,21.14,27.55,22244.00,-72.30,54.04,68.14,21.05
2022-01-24 20:00:00 UTC,15.91,21.57,28.10,22484.00,-71.22,55.27,72.72,21.46,
2022-01-25 00:00:00 UTC,20.41,27.48,34.07,22724.00,-70.80,54.52,72.41,27.00
2022-01-25 04:00:00 UTC,16.09,21.51,26.52,22964.00,-69.12,53.93,71.46,21.50
2022-01-25 08:00:00 UTC,14.42,19.99,25.13,23204.00,-68.68,53.94,71.40,19.98
2022-01-25 12:00:00 UTC,8.33,11.29,14.33,23444.00,-68.89,55.32,70.82,11.29
2022-01-25 16:00:00 UTC,7.75,9.96,11.35,23684.00,-73.70,60.04,65.95,9.96
2022-01-25 20:00:00 UTC,10.05,13.34,15.14,23924.00,-73.13,64.86,54.06,13.34,
2022-01-26 00:00:00 UTC,15.04,21.29,25.27,24164.00,-71.82,58.93,60.89,21.29
2022-01-26 04:00:00 UTC,16.62,23.61,28.76,24404.00,-73.52,55.67,61.76,23.60
2022-01-26 08:00:00 UTC,10.56,14.81,17.53,24644.00,-72.76,48.81,59.90,14.81
2022-01-26 12:00:00 UTC,8.49,11.73,14.06,24884.00,-70.87,46.96,52.45,11.73
2022-01-26 16:00:00 UTC,10.99,14.96,18.07,25124.00,-71.05,62.68,35.08,14.96
2022-01-26 20:00:00 UTC,11.35,15.10,17.78,25364.00,-70.57,71.56,28.38,15.10,
2022-01-27 00:00:00 UTC,11.21,15.07,18.04,25604.00,-69.87,56.31,45.17,15.07
2022-01-27 04:00:00 UTC,11.99,16.41,20.13,25843.40,-69.98,52.15,51.17,16.41
2022-01-27 08:00:00 UTC,9.75,13.11,16.50,26084.60,-72.22,50.57,50.78,13.11
2022-01-27 12:00:00 UTC,11.41,15.31,20.57,26324.00,-71.89,51.11,48.05,15.31
2022-01-27 16:00:00 UTC,9.64,12.90,16.38,26564.00,-70.41,71.40,26.98,12.90
2022-01-27 20:00:00 UTC,7.19,9.57,11.20,26804.00,-69.71,77.42,24.76,9.57,
2022-01-28 00:00:00 UTC,9.19,12.43,15.44,27044.00,-68.78,62.31,39.38,12.43
2022-01-28 04:00:00 UTC,7.11,9.75,11.37,27284.00,-69.96,57.67,40.64,9.75
2022-01-28 08:00:00 UTC,9.18,12.85,15.70,27524.32,-69.59,54.87,39.97,12.85
2022-01-28 12:00:00 UTC,13.12,18.67,23.36,27765.00,-72.52,53.31,38.76,18.67
2022-01-28 16:00:00 UTC,11.23,15.89,19.76,28004.86,-77.58,67.82,25.93,15.89
2022-01-28 20:00:00 UTC,5.55,7.74,9.15,28245.00,-77.57,74.18,16.58,7.74,
2022-01-29 00:00:00 UTC,4.26,6.20,8.05,28485.00,-76.62,57.43,28.29,6.20
2022-01-29 04:00:00 UTC,10.52,14.70,19.38,28725.00,-76.72,52.49,34.82,14.70
2022-01-29 08:00:00 UTC,10.41,14.92,19.65,28965.00,-76.68,47.32,44.15,14.92
2022-01-29 12:00:00 UTC,20.26,27.81,37.06,29205.00,-76.12,47.95,46.46,26.99
2022-01-29 16:00:00 UTC,7.73,10.69,13.85,29445.00,-77.38,70.43,21.66,10.69
2022-01-29 20:00:00 UTC,3.92,5.55,7.59,29685.00,-79.12,78.81,15.87,5.55,
2022-01-30 00:00:00 UTC,8.33,11.56,15.27,29925.00,-78.79,57.07,39.64,11.56
2022-01-30 04:00:00 UTC,10.85,14.93,19.89,30165.00,-76.61,52.29,50.20,14.90
2022-01-30 08:00:00 UTC,8.85,11.78,15.20,30405.00,-76.02,48.98,57.08,11.78
2022-01-30 12:00:00 UTC,9.08,12.22,16.19,30645.00,-75.59,52.12,56.41,12.22
2022-01-30 16:00:00 UTC,1.82,2.46,3.98,30885.00,-80.18,77.37,25.07,2.46
2022-01-30 20:00:00 UTC,2.35,3.08,4.67,31125.00,-77.94,83.11,21.86,3.08,
2022-01-31 00:00:00 UTC,4.48,6.20,8.44,31365.00,-75.83,65.36,48.88,6.20
2022-01-31 04:00:00 UTC,3.41,4.61,6.60,31605.00,-75.62,60.36,60.61,4.61
2022-01-31 08:00:00 UTC,2.48,3.50,5.26,31845.00,-76.83,61.84,64.49,3.50
2022-01-31 12:00:00 UTC,10.67,15.92,22.02,32085.00,-78.75,63.30,65.78,15.66
2022-01-31 16:00:00 UTC,2.02,3.34,5.79,32325.00,-80.31,65.32,66.27,3.34
2022-01-31 20:00:00 UTC,2.68,4.25,7.52,32565.00,-79.16,63.21,71.27,4.25,
2022-02-01 00:00:00 UTC,1.69,2.97,5.60,32805.00,-77.48,62.35,75.48,2.97
2022-02-01 04:00:00 UTC,1.60,2.46,4.45,19749.43,-78.20,62.74,77.53,2.46
2022-02-01 08:00:00 UTC,3.97,5.62,10.26,217.00,-79.45,64.03,76.44,5.62
2022-02-01 12:00:00 UTC,8.81,11.57,17.15,457.00,-79.48,65.19,73.06,11.57
2022-02-01 16:00:00 UTC,14.02,18.38,25.29,695.44,-79.85,66.31,69.66,18.36
2022-02-01 20:00:00 UTC,19.09,25.85,34.03,937.00,-71.72,73.52,57.70,25.69,
2022-02-02 00:00:00 UTC,14.30,19.94,27.30,1177.00,-71.82,67.19,66.43,19.46
2022-02-02 04:00:00 UTC,6.70,10.82,15.39,1417.00,-72.03,62.14,74.39,10.82
2022-02-02 08:00:00 UTC,5.41,8.97,14.74,1657.00,-72.25,59.97,75.30,8.97
2022-02-02 12:00:00 UTC,7.31,11.67,18.82,1897.00,-72.62,64.23,76.48,11.67
2022-02-02 16:00:00 UTC,6.43,10.24,14.41,2137.00,-72.01,69.93,70.84,10.24
2022-02-02 20:00:00 UTC,6.93,9.66,13.21,2377.00,-72.06,74.30,67.30,9.66,
2022-02-03 00:00:00 UTC,6.66,9.47,12.88,2617.00,-71.08,70.18,75.13,9.47
2022-02-03 04:00:00 UTC,7.16,10.54,15.38,2857.00,-71.91,62.86,72.16,10.54
2022-02-03 08:00:00 UTC,1.24,1.54,2.67,3097.00,-71.87,47.55,72.18,1.54
2022-02-03 12:00:00 UTC,1.22,1.50,2.61,3337.00,-71.78,45.63,72.62,1.50
2022-02-03 16:00:00 UTC,1.89,2.37,3.68,3577.00,-71.08,45.80,66.51,2.37
2022-02-03 20:00:00 UTC,2.95,3.86,5.67,3817.58,-71.12,43.74,64.79,3.79,
2022-02-04 00:00:00 UTC,13.43,20.17,28.40,4058.00,-70.72,39.18,68.68,17.55
2022-02-04 04:00:00 UTC,11.74,16.00,20.89,4298.00,-70.08,35.97,66.08,16.00
2022-02-04 08:00:00 UTC,13.30,18.70,25.32,4538.00,-69.99,34.99,64.71,18.70
2022-02-04 12:00:00 UTC,14.68,21.23,29.51,4778.00,-69.81,33.55,62.56,21.23
2022-02-04 16:00:00 UTC,10.79,16.50,23.36,5018.00,-70.11,37.69,54.06,16.50
2022-02-04 20:00:00 UTC,11.20,16.30,22.39,5258.00,-70.48,39.29,52.01,16.30,
2022-02-05 00:00:00 UTC,10.35,14.88,20.12,5498.00,-69.51,38.16,54.72,14.88
2022-02-05 04:00:00 UTC,8.68,12.54,17.13,5738.00,-70.03,38.24,57.08,12.54
2022-02-05 08:00:00 UTC,6.79,10.00,14.30,5978.00,-71.56,36.08,61.39,10.00
2022-02-05 12:00:00 UTC,10.03,14.36,20.60,6218.00,-72.01,37.48,57.92,14.14
2022-02-05 16:00:00 UTC,4.85,6.83,9.54,6458.00,-70.47,58.69,26.78,6.83
2022-02-05 20:00:00 UTC,5.95,7.99,10.59,6698.00,-71.06,67.88,18.42,7.76,
2022-02-06 00:00:00 UTC,20.25,27.14,35.51,6938.00,-71.84,49.56,37.01,25.08
2022-02-06 04:00:00 UTC,28.65,39.42,52.56,7178.00,-70.77,42.45,50.20,35.96
2022-02-06 08:00:00 UTC,31.52,44.07,59.58,7418.00,-70.47,38.48,59.52,39.43
2022-02-06 12:00:00 UTC,29.93,41.51,55.61,7658.00,-72.13,43.78,57.93,37.22
2022-02-06 16:00:00 UTC,29.34,42.11,52.88,7898.00,-73.24,66.43,34.09,32.63
2022-02-06 20:00:00 UTC,8.30,11.51,15.49,8138.00,-73.43,71.15,30.71,10.79,
2022-02-07 00:00:00 UTC,12.41,17.06,22.17,8378.00,-71.86,56.52,52.96,16.94
2022-02-07 04:00:00 UTC,21.45,30.00,39.99,8617.00,-73.61,52.46,62.43,28.83
2022-02-07 08:00:00 UTC,23.64,33.34,44.48,8856.00,-78.12,52.92,63.30,31.22
2022-02-07 12:00:00 UTC,22.33,31.02,41.47,9096.00,-77.01,53.58,53.92,29.16
2022-02-07 16:00:00 UTC,8.33,11.23,15.58,9336.00,-79.35,71.27,23.99,11.23
2022-02-07 20:00:00 UTC,3.84,5.07,7.19,9576.00,-79.25,78.36,17.70,5.07,
2022-02-08 00:00:00 UTC,5.12,6.97,10.45,9816.00,-76.57,60.83,32.06,6.97
2022-02-08 04:00:00 UTC,5.22,6.97,9.97,10055.94,-76.18,54.02,35.46,6.97
2022-02-08 08:00:00 UTC,5.20,7.10,9.06,10296.00,-77.49,49.04,38.59,7.10
2022-02-08 12:00:00 UTC,9.04,12.48,17.02,10536.00,-78.70,49.57,41.68,12.48
2022-02-08 16:00:00 UTC,4.29,5.90,7.59,10776.82,-79.17,72.96,19.16,5.90
2022-02-08 20:00:00 UTC,13.24,17.63,21.60,11017.00,-78.73,80.22,14.17,14.04,
2022-02-09 00:00:00 UTC,10.07,13.72,16.68,11257.00,-78.40,58.70,35.21,13.63
2022-02-09 04:00:00 UTC,9.24,12.12,14.40,11497.00,-76.87,52.07,47.82,12.12
2022-02-09 08:00:00 UTC,13.26,17.30,23.43,11737.00,-77.79,47.72,55.99,17.29
2022-02-09 12:00:00 UTC,16.17,21.54,29.38,11977.00,-78.29,51.69,54.50,21.48
2022-02-09 16:00:00 UTC,4.76,6.36,8.94,12217.00,-79.19,77.10,24.18,6.36
2022-02-09 20:00:00 UTC,3.25,4.26,5.53,12457.00,-79.42,86.46,16.27,4.26,
2022-02-10 00:00:00 UTC,6.67,8.92,10.63,12697.00,-78.82,64.52,42.67,8.92
2022-02-10 04:00:00 UTC,7.63,10.08,11.58,12937.00,-79.32,56.38,54.75,10.08
2022-02-10 08:00:00 UTC,21.52,28.33,33.98,13177.00,-79.85,52.21,64.47,27.48
2022-02-10 12:00:00 UTC,30.11,40.22,51.47,13417.00,-78.84,54.79,61.56,35.58
2022-02-10 16:00:00 UTC,8.70,11.64,14.57,13657.00,-79.31,78.83,27.58,11.32
2022-02-10 20:00:00 UTC,3.11,4.19,5.28,13897.00,-79.68,84.48,20.55,4.19,
2022-02-11 00:00:00 UTC,4.86,6.61,7.94,14137.00,-78.38,64.78,34.88,6.61
2022-02-11 04:00:00 UTC,8.91,11.94,13.98,14377.00,-78.88,56.78,48.62,11.94
2022-02-11 08:00:00 UTC,21.53,30.98,38.33,14617.00,-78.88,54.60,67.42,29.60
2022-02-11 12:00:00 UTC,22.85,35.17,44.93,14857.00,-80.08,57.72,64.60,30.76
2022-02-11 16:00:00 UTC,5.46,7.19,9.67,15097.00,-78.62,80.87,29.79,7.19
2022-02-11 20:00:00 UTC,3.55,4.55,5.93,15337.00,-79.48,84.38,28.47,4.55,
2022-02-12 00:00:00 UTC,5.76,7.62,8.72,15577.00,-79.38,67.20,54.88,7.62
2022-02-12 04:00:00 UTC,11.79,15.45,17.90,15817.00,-77.70,62.44,64.99,15.45
2022-02-12 08:00:00 UTC,18.04,25.50,32.59,16057.00,-77.76,59.23,67.10,24.80
2022-02-12 12:00:00 UTC,27.05,41.99,56.72,16297.00,-79.18,62.92,68.64,36.69
2022-02-12 16:00:00 UTC,16.33,22.62,28.64,16537.00,-79.63,65.77,52.18,21.70
2022-02-12 20:00:00 UTC,3.87,5.23,6.45,16777.00,-79.50,54.89,52.58,5.23,
2022-02-13 00:00:00 UTC,3.14,4.32,5.12,17017.00,-79.62,49.91,55.49,4.32
2022-02-13 04:00:00 UTC,3.62,5.49,7.41,17257.00,-78.89,44.82,43.18,5.49
2022-02-13 08:00:00 UTC,5.18,7.53,11.85,17497.00,-78.33,41.12,40.44,7.53
2022-02-13 12:00:00 UTC,5.32,7.90,12.66,17737.00,-77.83,42.15,35.97,7.90
2022-02-13 16:00:00 UTC,2.99,4.19,6.31,17977.32,-79.09,66.83,17.92,4.19
2022-02-13 20:00:00 UTC,4.02,5.77,7.84,18218.00,-78.74,77.41,13.56,5.77,
2022-02-14 00:00:00 UTC,21.89,32.19,41.50,18458.00,-76.87,57.88,29.87,27.68
2022-02-14 04:00:00 UTC,8.08,11.41,14.16,18698.00,-78.04,50.70,48.88,11.41
2022-02-14 08:00:00 UTC,6.40,8.96,13.27,18938.00,-78.09,47.66,56.96,8.96
2022-02-14 12:00:00 UTC,9.38,13.38,17.31,19178.00,-77.87,50.52,56.13,13.38
2022-02-14 16:00:00 UTC,4.03,5.81,7.19,19418.00,-81.95,76.25,22.71,5.63
2022-02-14 20:00:00 UTC,12.12,16.70,20.53,19658.00,-78.03,79.12,17.87,13.09,
2022-02-15 00:00:00 UTC,6.35,8.97,10.57,19898.00,-78.22,60.08,38.02,8.97
2022-02-15 04:00:00 UTC,16.45,22.59,27.78,20138.00,-78.29,54.88,56.90,22.46
2022-02-15 08:00:00 UTC,13.29,18.48,24.88,20378.00,-77.99,55.57,69.83,18.45
2022-02-15 12:00:00 UTC,4.14,5.70,9.15,20618.00,-79.75,61.68,64.82,5.70
2022-02-15 16:00:00 UTC,3.03,4.17,7.00,20858.00,-81.36,75.74,42.52,4.17
2022-02-15 20:00:00 UTC,4.08,5.75,10.02,21097.00,-79.54,70.90,52.08,5.75,
2022-02-16 00:00:00 UTC,6.82,9.98,16.83,21336.00,-79.74,64.38,68.27,9.98
2022-02-16 04:00:00 UTC,4.08,6.07,12.69,21576.00,-83.58,66.55,71.51,6.07
2022-02-16 08:00:00 UTC,5.72,8.28,14.50,21816.00,-81.18,66.38,71.62,8.28
2022-02-16 12:00:00 UTC,4.89,7.20,12.99,22056.00,-81.08,70.10,63.24,7.20
2022-02-16 16:00:00 UTC,2.63,4.07,8.30,22296.00,-81.44,80.82,45.48,4.07
2022-02-16 20:00:00 UTC,4.16,6.14,11.80,22536.00,-80.60,75.85,57.46,6.14,
2022-02-17 00:00:00 UTC,7.10,10.52,20.38,22776.00,-82.58,71.92,71.94,10.49
2022-02-17 04:00:00 UTC,9.66,13.81,24.87,23016.00,-82.88,72.97,73.23,13.81
2022-02-17 08:00:00 UTC,10.75,15.31,27.42,23256.00,-81.99,72.92,73.75,15.31
2022-02-17 12:00:00 UTC,10.20,14.98,27.64,23496.00,-80.97,74.26,73.45,14.98
2022-02-17 16:00:00 UTC,14.23,19.32,27.10,23736.00,-79.46,83.19,51.84,19.31
2022-02-17 20:00:00 UTC,4.19,5.94,11.02,23976.00,-78.27,88.93,26.61,5.94,
2022-02-18 00:00:00 UTC,6.90,9.16,12.52,24216.00,-80.72,58.87,47.28,9.16
2022-02-18 04:00:00 UTC,12.54,17.66,23.58,24456.00,-80.84,47.49,50.62,17.66
2022-02-18 08:00:00 UTC,7.71,10.49,13.77,24696.07,-79.71,43.10,52.74,10.49
2022-02-18 12:00:00 UTC,6.65,9.11,12.97,24937.00,-79.42,43.68,49.97,9.11
2022-02-18 16:00:00 UTC,5.81,7.85,10.47,25177.00,-80.15,60.33,32.32,7.85
2022-02-18 20:00:00 UTC,4.03,5.28,7.44,25417.00,-81.52,70.28,24.04,5.28,
2022-02-19 00:00:00 UTC,6.59,8.90,13.01,25657.00,-81.64,58.07,36.32,8.90
2022-02-19 04:00:00 UTC,9.53,12.63,16.79,25897.00,-80.54,54.32,43.38,12.63
2022-02-19 08:00:00 UTC,9.20,12.16,16.26,26137.00,-80.45,50.43,47.92,12.16
2022-02-19 12:00:00 UTC,10.75,14.57,20.07,26377.00,-80.70,51.38,49.14,14.56
2022-02-19 16:00:00 UTC,15.03,20.78,27.58,26617.00,-79.32,70.91,23.82,17.30
2022-02-19 20:00:00 UTC,28.43,42.57,54.79,26857.00,-79.00,76.77,18.28,31.67,
2022-02-20 00:00:00 UTC,9.65,13.00,17.16,27097.00,-79.12,60.97,35.21,13.00
2022-02-20 04:00:00 UTC,15.52,20.97,27.68,27337.00,-78.85,54.73,47.62,20.74
2022-02-20 08:00:00 UTC,11.83,15.92,20.87,27577.00,-79.87,58.07,52.61,15.68
2022-02-20 12:00:00 UTC,5.93,7.98,10.72,27817.00,-79.10,60.88,53.50,7.98
2022-02-20 16:00:00 UTC,9.73,13.44,17.76,28057.00,-77.89,67.90,49.44,11.95
2022-02-20 20:00:00 UTC,38.79,58.07,72.04,28297.00,-79.34,67.54,54.62,41.54,
2022-02-21 00:00:00 UTC,16.81,22.99,28.67,28537.00,-79.86,64.61,65.46,20.45
2022-02-21 04:00:00 UTC,14.67,21.31,28.58,28777.00,-81.69,64.89,75.51,21.28
2022-02-21 08:00:00 UTC,7.40,11.14,19.10,29017.00,-80.03,72.06,77.49,11.14
2022-02-21 12:00:00 UTC,11.22,16.62,27.66,29257.00,-82.02,74.32,74.38,16.62
2022-02-21 16:00:00 UTC,11.84,16.95,25.28,29497.00,-82.34,81.89,57.32,16.94
2022-02-21 20:00:00 UTC,8.56,11.76,17.52,29737.00,-80.85,86.62,43.98,11.76,
2022-02-22 00:00:00 UTC,6.82,10.03,17.62,29977.00,-79.94,75.93,67.78,10.03
2022-02-22 04:00:00 UTC,11.22,16.45,27.16,30217.00,-78.07,75.27,72.93,16.45
2022-02-22 08:00:00 UTC,12.37,18.09,29.65,30457.00,-74.05,74.56,72.11,18.09
2022-02-22 12:00:00 UTC,13.58,19.90,32.36,30697.00,-72.12,75.08,69.98,19.90
2022-02-22 16:00:00 UTC,9.85,13.96,22.68,30937.00,-72.48,81.60,57.70,13.95
2022-02-22 20:00:00 UTC,18.18,25.77,32.16,31177.00,-78.02,78.84,64.62,20.11,
2022-02-23 00:00:00 UTC,18.35,26.74,43.63,31417.00,-76.93,75.35,71.63,26.41
2022-02-23 04:00:00 UTC,18.83,27.87,43.77,31657.00,-78.95,74.10,73.22,27.51
2022-02-23 08:00:00 UTC,14.62,22.00,35.27,31897.00,-82.24,68.99,68.46,22.00
2022-02-23 12:00:00 UTC,11.94,18.56,28.93,32137.00,-78.74,61.57,64.53,18.56
2022-02-23 16:00:00 UTC,11.47,18.15,28.16,32377.00,-78.48,58.56,64.62,18.15
2022-02-23 20:00:00 UTC,12.08,18.16,25.49,32617.00,-78.63,53.18,63.75,18.16,
2022-02-24 00:00:00 UTC,11.75,16.79,21.75,32857.57,-78.19,47.53,68.67,16.79
2022-02-24 04:00:00 UTC,12.89,18.63,23.97,33098.00,-77.51,47.39,71.33,18.63
2022-02-24 08:00:00 UTC,9.86,14.79,19.20,33338.00,-74.47,47.86,73.35,14.79
2022-02-24 12:00:00 UTC,9.59,14.29,19.99,33578.00,-73.92,48.31,72.15,14.26
2022-02-24 16:00:00 UTC,15.60,23.10,33.72,33818.00,-72.93,56.27,62.15,22.92
2022-02-24 20:00:00 UTC,18.32,28.12,41.53,34058.00,-74.68,54.79,61.83,27.14,
2022-02-25 00:00:00 UTC,9.85,14.80,21.60,34298.00,-74.05,47.29,65.72,14.79
2022-02-25 04:00:00 UTC,8.40,12.46,16.93,34538.00,-74.67,45.19,66.77,12.46
2022-02-25 08:00:00 UTC,7.51,10.06,13.18,34778.00,-74.64,45.43,63.92,10.06
2022-02-25 12:00:00 UTC,11.67,17.09,21.07,35018.00,-81.50,44.55,65.58,17.09
2022-02-25 16:00:00 UTC,10.77,15.26,18.57,35258.00,-80.24,48.67,58.43,15.26
2022-02-25 20:00:00 UTC,8.86,12.22,14.76,35498.00,-80.15,49.50,58.20,12.22,
2022-02-26 00:00:00 UTC,9.62,13.06,16.07,35738.16,-81.71,48.07,65.16,13.06
2022-02-26 04:00:00 UTC,10.45,14.77,18.95,35977.00,-80.51,46.64,68.18,14.77
2022-02-26 08:00:00 UTC,11.57,16.56,21.33,36216.00,-80.77,46.20,68.21,16.56
2022-02-26 12:00:00 UTC,9.59,14.03,17.75,36456.00,-80.04,45.88,71.13,14.03
2022-02-26 16:00:00 UTC,11.22,16.60,21.03,36696.34,-80.49,47.24,71.43,16.58
2022-02-26 20:00:00 UTC,9.64,14.65,20.48,36936.00,-79.48,48.88,70.33,13.85,
2022-02-27 00:00:00 UTC,3.44,4.73,5.99,37176.00,-78.52,46.97,71.15,4.68
2022-02-27 04:00:00 UTC,3.44,4.42,5.72,37416.00,-75.88,46.77,72.93,4.42
2022-02-27 08:00:00 UTC,3.24,4.29,5.88,37656.00,-74.32,46.12,70.24,4.29
2022-02-27 12:00:00 UTC,5.03,6.75,8.93,37896.00,-74.60,47.48,66.45,6.75
2022-02-27 16:00:00 UTC,6.60,8.75,10.87,38136.00,-77.44,60.78,46.19,8.75
2022-02-27 20:00:00 UTC,6.49,8.73,11.22,38376.00,-77.42,69.81,32.71,8.73,
2022-02-28 00:00:00 UTC,7.33,10.23,13.47,38616.00,-78.74,58.18,37.75,10.23
2022-02-28 04:00:00 UTC,14.17,20.35,27.18,38857.42,-77.24,51.31,47.78,20.35
2022-02-28 08:00:00 UTC,13.79,19.58,25.44,39097.00,-77.18,46.07,54.77,19.57
2022-02-28 12:00:00 UTC,13.64,19.57,25.20,39337.00,-81.12,48.32,51.11,19.57
2022-02-28 16:00:00 UTC,5.57,7.88,9.54,39577.00,-80.34,71.34,23.27,7.88
2022-02-28 20:00:00 UTC,3.46,4.98,6.32,39817.00,-79.43,79.86,13.52,4.98,
2022-03-01 00:00:00 UTC,6.62,9.65,12.47,40057.00,-76.08,62.19,28.39,9.65
2022-03-01 04:00:00 UTC,16.90,24.14,31.23,40297.00,-77.61,55.03,47.07,23.87
2022-03-01 08:00:00 UTC,25.30,36.69,48.59,40537.00,-76.74,49.25,55.93,33.76
2022-03-01 12:00:00 UTC,24.78,35.20,46.82,40777.00,-75.93,52.66,51.62,32.58
2022-03-01 16:00:00 UTC,12.35,16.86,22.56,41017.00,-75.18,78.28,19.67,16.83
2022-03-01 20:00:00 UTC,7.63,10.26,13.74,41257.00,-76.11,82.97,14.67,10.26,
2022-03-02 00:00:00 UTC,15.51,20.61,26.80,41497.00,-75.68,65.41,31.46,20.18
2022-03-02 04:00:00 UTC,39.81,53.74,66.34,41737.00,-76.04,57.65,48.25,42.19
2022-03-02 08:00:00 UTC,47.76,66.85,81.15,41977.00,-76.68,52.14,59.34,48.12
2022-03-02 12:00:00 UTC,52.86,75.74,94.64,42217.00,-76.18,57.07,56.63,52.05
2022-03-02 16:00:00 UTC,17.44,23.97,31.08,42457.00,-76.04,79.48,23.69,21.51
2022-03-02 20:00:00 UTC,8.88,11.86,15.30,42697.00,-75.13,81.05,26.01,11.84,
2022-03-03 00:00:00 UTC,18.76,26.01,33.13,42937.00,-75.14,66.93,52.96,25.70
2022-03-03 04:00:00 UTC,20.35,28.58,36.27,43177.00,-74.60,63.80,61.18,27.98
2022-03-03 08:00:00 UTC,25.31,36.20,46.29,43417.00,-75.78,62.38,65.25,32.84
2022-03-03 12:00:00 UTC,30.16,43.70,55.20,43657.00,-77.58,66.42,62.98,36.40
2022-03-03 16:00:00 UTC,9.06,11.93,15.32,43897.00,-76.71,81.84,39.90,11.92
2022-03-03 20:00:00 UTC,7.17,9.29,11.86,44137.00,-76.44,80.90,41.26,9.29,
2022-03-04 00:00:00 UTC,13.16,17.27,21.98,44377.00,-75.08,68.96,61.45,17.27
2022-03-04 04:00:00 UTC,18.90,25.32,31.81,44617.00,-75.00,65.99,68.02,25.10
2022-03-04 08:00:00 UTC,33.18,48.75,60.57,44857.00,-74.61,64.05,71.02,40.38
2022-03-04 12:00:00 UTC,21.85,30.06,38.25,45097.00,-75.83,66.85,70.42,28.48
2022-03-04 16:00:00 UTC,11.18,14.54,18.67,45337.00,-76.28,78.00,55.83,14.53
2022-03-04 20:00:00 UTC,8.74,11.26,14.54,45577.00,-77.41,78.38,53.72,11.26,
2022-03-05 00:00:00 UTC,13.45,17.28,21.64,45817.30,-77.05,71.21,66.62,17.27
2022-03-05 04:00:00 UTC,11.05,14.52,18.20,46058.00,-79.41,70.51,68.88,14.52
2022-03-05 08:00:00 UTC,12.48,16.60,21.24,46298.00,-80.60,71.45,70.46,16.60
2022-03-05 12:00:00 UTC,10.73,14.30,19.08,46538.00,-76.50,73.43,69.85,14.30
2022-03-05 16:00:00 UTC,8.00,10.89,16.18,46778.00,-74.47,81.95,54.90,10.89
2022-03-05 20:00:00 UTC,6.07,8.33,12.40,47018.00,-75.61,83.22,47.61,8.33,
2022-03-06 00:00:00 UTC,13.90,18.56,25.87,47258.00,-75.99,77.27,64.83,17.84
2022-03-06 04:00:00 UTC,12.33,16.82,25.57,47498.00,-73.60,76.38,70.69,16.75
2022-03-06 08:00:00 UTC,9.09,12.94,21.52,47738.00,-73.73,75.52,72.60,12.94
2022-03-06 12:00:00 UTC,11.44,16.02,23.32,47977.00,-74.31,75.74,70.83,16.02
2022-03-06 16:00:00 UTC,3.89,5.61,9.05,48216.00,-79.37,84.40,51.61,5.57
2022-03-06 20:00:00 UTC,7.14,9.97,15.72,48456.00,-81.20,81.08,59.94,9.96,
2022-03-07 00:00:00 UTC,9.48,13.79,23.10,48696.00,-79.89,77.23,70.64,13.79
2022-03-07 04:00:00 UTC,8.55,12.64,22.64,48936.00,-79.52,76.20,71.08,12.64
2022-03-07 08:00:00 UTC,8.80,12.98,22.60,49176.00,-79.32,76.01,69.33,12.98
2022-03-07 12:00:00 UTC,4.50,6.95,9.35,49416.00,-80.92,60.68,61.65,6.95
2022-03-07 16:00:00 UTC,2.82,4.23,5.18,49656.00,-81.72,60.86,51.10,4.23
2022-03-07 20:00:00 UTC,4.22,5.96,7.55,41636.96,-81.67,62.80,41.77,5.96,
2022-03-08 00:00:00 UTC,5.94,8.19,11.29,159.00,-76.29,59.98,42.07,8.19
2022-03-08 04:00:00 UTC,6.95,9.34,12.60,399.00,-76.66,56.18,47.05,9.34
2022-03-08 08:00:00 UTC,8.94,12.37,16.15,639.00,-77.13,54.03,53.84,12.37
2022-03-08 12:00:00 UTC,9.97,14.09,18.79,879.00,-75.13,51.98,68.27,14.09
2022-03-08 16:00:00 UTC,6.95,9.53,12.70,1119.00,-74.50,52.77,70.22,9.52
2022-03-08 20:00:00 UTC,4.16,5.58,7.96,1359.00,-74.48,52.20,70.98,5.55,
2022-03-09 00:00:00 UTC,3.31,4.18,5.77,1599.00,-74.62,49.98,69.71,4.18
2022-03-09 04:00:00 UTC,5.93,8.08,10.92,1839.00,-75.46,48.58,68.82,8.08
2022-03-09 08:00:00 UTC,11.73,17.81,23.98,2079.00,-77.01,48.93,67.73,17.80
2022-03-09 12:00:00 UTC,14.15,21.28,28.57,2319.00,-80.54,50.08,62.78,21.23
2022-03-09 16:00:00 UTC,8.01,11.57,15.32,2559.00,-81.62,65.58,39.66,11.57
2022-03-09 20:00:00 UTC,14.82,20.02,25.96,2799.79,-79.72,68.00,36.39,19.72,
2022-03-10 00:00:00 UTC,10.03,14.17,18.99,3037.00,-73.29,61.39,45.98,14.17
2022-03-10 04:00:00 UTC,11.35,16.35,21.55,3277.00,-74.78,55.28,58.13,16.35
2022-03-10 08:00:00 UTC,15.59,22.75,30.47,3517.00,-74.73,52.47,65.65,22.71
2022-03-10 12:00:00 UTC,17.86,26.93,36.24,3757.00,-74.62,54.76,62.69,26.10
2022-03-10 16:00:00 UTC,10.37,15.14,20.15,3997.00,-73.62,73.74,36.55,15.14
2022-03-10 20:00:00 UTC,7.90,10.90,14.25,4237.00,-74.60,77.32,35.23,10.90,
2022-03-11 00:00:00 UTC,10.00,13.68,17.51,4477.00,-74.70,65.18,53.77,13.65
2022-03-11 04:00:00 UTC,16.94,24.41,32.33,4717.00,-75.72,64.26,61.55,24.07
2022-03-11 08:00:00 UTC,18.94,26.53,33.23,4957.00,-74.28,63.77,64.61,26.34
2022-03-11 12:00:00 UTC,22.20,30.55,38.80,5197.00,-76.08,65.56,62.87,29.49
2022-03-11 16:00:00 UTC,20.99,29.12,37.55,5437.00,-75.86,69.68,56.82,27.78
2022-03-11 20:00:00 UTC,13.62,19.12,23.75,5677.00,-75.61,64.42,39.60,19.12,
2022-03-12 00:00:00 UTC,8.29,11.70,15.52,5917.00,-73.60,48.24,53.18,11.65
2022-03-12 04:00:00 UTC,4.36,6.09,7.06,6157.00,-73.70,44.50,55.21,6.09
2022-03-12 08:00:00 UTC,3.03,4.60,6.14,6397.00,-73.58,41.02,50.06,4.60
2022-03-12 12:00:00 UTC,4.69,7.15,9.46,6637.00,-75.12,42.48,39.21,7.15
2022-03-12 16:00:00 UTC,2.70,4.29,5.69,6877.00,-75.14,61.27,20.23,4.11
2022-03-12 20:00:00 UTC,3.17,4.73,6.01,7117.00,-76.20,66.65,16.85,4.71,
2022-03-13 00:00:00 UTC,6.82,9.73,12.11,7357.00,-76.94,55.81,27.62,9.73
2022-03-13 04:00:00 UTC,11.22,15.75,19.47,7597.00,-78.30,49.08,45.51,15.75
2022-03-13 08:00:00 UTC,16.66,23.62,29.70,7837.00,-79.32,45.19,54.34,23.62
2022-03-13 12:00:00 UTC,12.77,17.92,22.09,8077.00,-78.15,50.40,52.69,17.92
2022-03-13 16:00:00 UTC,3.46,4.86,5.82,8317.00,-77.82,67.75,33.65,4.86
2022-03-13 20:00:00 UTC,2.94,3.92,6.01,8557.33,-78.64,65.45,41.77,3.92
2022-03-14 00:00:00 UTC,3.53,4.55,6.73,8798.00,-81.07,60.49,55.98,4.55
2022-03-14 04:00:00 UTC,2.45,3.49,4.87,9038.00,-75.58,60.18,66.28,3.49
2022-03-14 08:00:00 UTC,1.51,2.64,4.94,9278.00,-76.93,62.18,70.72,2.64
2022-03-14 12:00:00 UTC,2.04,3.51,6.66,9518.00,-82.35,66.38,69.02,3.51
2022-03-14 16:00:00 UTC,1.60,2.82,4.90,9758.00,-85.12,78.98,48.01,2.66
2022-03-14 20:00:00 UTC,2.71,4.28,7.44,9998.00,-84.53,77.43,54.21,4.28,
2022-03-14 00:00:00 UTC,3.53,4.55,6.73,8798.00,-81.07,60.49,55.98,4.55
2022-03-14 04:00:00 UTC,2.45,3.49,4.87,9038.00,-75.58,60.18,66.28,3.49
2022-03-14 08:00:00 UTC,1.51,2.64,4.94,9278.00,-76.93,62.18,70.72,2.64
2022-03-14 12:00:00 UTC,2.04,3.51,6.66,9518.00,-82.35,66.38,69.02,3.51
2022-03-14 16:00:00 UTC,1.60,2.82,4.90,9758.00,-85.12,78.98,48.01,2.66
2022-03-14 20:00:00 UTC,2.71,4.28,7.44,9998.00,-84.53,77.43,54.21,4.28
2022-03-15 00:00:00 UTC,3.69,5.48,9.71,10238.00,-84.43,72.21,69.35,5.48
2022-03-15 04:00:00 UTC,3.13,4.68,7.29,10478.00,-82.62,68.81,70.48,4.68
2022-03-15 08:00:00 UTC,2.65,4.00,5.59,10718.00,-84.58,62.74,71.02,4.00
2022-03-15 12:00:00 UTC,4.52,6.36,8.46,10958.00,-84.45,63.34,54.32,6.36
2022-03-15 16:00:00 UTC,5.38,7.41,9.18,11198.00,-84.30,77.94,27.64,7.41
2022-03-15 20:00:00 UTC,5.27,6.85,8.27,11438.00,-81.56,81.40,25.88,6.85,
2022-03-15 00:00:00 UTC,3.69,5.48,9.71,10238.00,-84.43,72.21,69.35,5.48
2022-03-15 04:00:00 UTC,3.13,4.68,7.29,10478.00,-82.62,68.81,70.48,4.68
2022-03-15 08:00:00 UTC,2.65,4.00,5.59,10718.00,-84.58,62.74,71.02,4.00
2022-03-15 12:00:00 UTC,4.52,6.36,8.46,10958.00,-84.45,63.34,54.32,6.36
2022-03-15 16:00:00 UTC,5.38,7.41,9.18,11198.00,-84.30,77.94,27.64,7.41
2022-03-15 20:00:00 UTC,5.27,6.85,8.27,11438.00,-81.56,81.40,25.88,6.85
2022-03-16 00:00:00 UTC,8.67,11.21,14.78,11678.00,-79.17,71.34,38.61,11.21
2022-03-16 04:00:00 UTC,11.75,15.05,19.51,11918.00,-79.65,65.55,50.32,15.05
2022-03-16 08:00:00 UTC,14.96,19.82,25.92,12158.00,-80.07,59.99,59.99,19.80
2022-03-16 12:00:00 UTC,20.85,28.81,37.22,12398.00,-81.38,62.53,59.02,27.48
2022-03-16 16:00:00 UTC,6.60,8.79,10.41,12638.00,-83.33,82.12,31.98,8.79
2022-03-16 20:00:00 UTC,3.63,4.84,5.64,12878.00,-82.18,84.07,31.20,4.84,
2022-03-16 00:00:00 UTC,8.67,11.21,14.78,11678.00,-79.17,71.34,38.61,11.21
2022-03-16 04:00:00 UTC,11.75,15.05,19.51,11918.00,-79.65,65.55,50.32,15.05
2022-03-16 08:00:00 UTC,14.96,19.82,25.92,12158.00,-80.07,59.99,59.99,19.80
2022-03-16 12:00:00 UTC,20.85,28.81,37.22,12398.00,-81.38,62.53,59.02,27.48
2022-03-16 16:00:00 UTC,6.60,8.79,10.41,12638.00,-83.33,82.12,31.98,8.79
2022-03-16 20:00:00 UTC,3.63,4.84,5.64,12878.00,-82.18,84.07,31.20,4.84
2022-03-17 00:00:00 UTC,3.89,5.20,6.24,13118.00,-82.75,69.30,51.53,5.20
2022-03-17 04:00:00 UTC,5.88,7.73,10.22,13358.00,-80.42,63.52,66.61,7.73
2022-03-17 08:00:00 UTC,10.90,15.01,19.68,13598.00,-80.62,61.57,72.16,15.00
2022-03-17 12:00:00 UTC,6.33,8.48,11.72,13838.00,-80.48,67.89,69.12,8.48
2022-03-17 16:00:00 UTC,4.68,6.12,9.32,14078.00,-80.46,80.78,46.61,6.12
2022-03-17 20:00:00 UTC,5.60,7.85,12.88,14318.00,-79.08,74.72,63.96,7.85,
2022-03-17 00:00:00 UTC,3.89,5.20,6.24,13118.00,-82.75,69.30,51.53,5.20
2022-03-17 04:00:00 UTC,5.88,7.73,10.22,13358.00,-80.42,63.52,66.61,7.73
2022-03-17 08:00:00 UTC,10.90,15.01,19.68,13598.00,-80.62,61.57,72.16,15.00
2022-03-17 12:00:00 UTC,6.33,8.48,11.72,13838.00,-80.48,67.89,69.12,8.48
2022-03-17 16:00:00 UTC,4.68,6.12,9.32,14078.00,-80.46,80.78,46.61,6.12
2022-03-17 20:00:00 UTC,5.60,7.85,12.88,14318.00,-79.08,74.72,63.96,7.85
2022-03-18 00:00:00 UTC,6.98,10.20,16.29,14558.00,-76.64,73.33,74.76,10.20
2022-03-18 04:00:00 UTC,9.73,14.45,22.72,14798.00,-76.60,74.66,74.87,14.45
2022-03-18 08:00:00 UTC,18.70,27.92,39.50,15038.00,-76.32,74.49,71.73,26.55
2022-03-18 12:00:00 UTC,129.75,177.15,202.54,15278.00,-77.48,66.65,46.17,118.64
2022-03-18 16:00:00 UTC,5.33,7.30,10.54,15518.00,-78.33,73.62,30.22,7.08
2022-03-18 20:00:00 UTC,1.46,1.93,3.64,15758.00,-76.71,79.17,23.99,1.93,
2022-03-18 00:00:00 UTC,6.98,10.20,16.29,14558.00,-76.64,73.33,74.76,10.20
2022-03-18 04:00:00 UTC,9.73,14.45,22.72,14798.00,-76.60,74.66,74.87,14.45
2022-03-18 08:00:00 UTC,18.70,27.92,39.50,15038.00,-76.32,74.49,71.73,26.55
2022-03-18 12:00:00 UTC,129.75,177.15,202.54,15278.00,-77.48,66.65,46.17,118.64
2022-03-18 16:00:00 UTC,5.33,7.30,10.54,15518.00,-78.33,73.62,30.22,7.08
2022-03-18 20:00:00 UTC,1.46,1.93,3.64,15758.00,-76.71,79.17,23.99,1.93
2022-03-19 00:00:00 UTC,2.44,3.56,5.51,15998.00,-76.51,69.78,29.19,3.56
2022-03-19 04:00:00 UTC,1.94,3.10,6.10,16238.76,-77.14,62.91,38.08,3.10
2022-03-19 08:00:00 UTC,4.07,5.35,7.86,16479.00,-77.22,58.98,44.82,5.35
2022-03-19 12:00:00 UTC,7.15,9.63,14.42,16719.00,-77.55,60.32,44.25,9.51
2022-03-19 16:00:00 UTC,1.34,1.87,3.52,16959.00,-76.10,78.78,18.89,1.87
2022-03-19 20:00:00 UTC,1.63,2.22,3.46,17199.00,-74.83,82.68,15.63,2.22,
2022-03-19 00:00:00 UTC,2.44,3.56,5.51,15998.00,-76.51,69.78,29.19,3.56
2022-03-19 04:00:00 UTC,1.94,3.10,6.10,16238.76,-77.14,62.91,38.08,3.10
2022-03-19 08:00:00 UTC,4.07,5.35,7.86,16479.00,-77.22,58.98,44.82,5.35
2022-03-19 12:00:00 UTC,7.15,9.63,14.42,16719.00,-77.55,60.32,44.25,9.51
2022-03-19 16:00:00 UTC,1.34,1.87,3.52,16959.00,-76.10,78.78,18.89,1.87
2022-03-19 20:00:00 UTC,1.63,2.22,3.46,17199.00,-74.83,82.68,15.63,2.22
2022-03-20 00:00:00 UTC,4.51,6.20,8.69,17439.00,-73.85,70.47,32.53,6.20
2022-03-20 04:00:00 UTC,15.31,19.73,25.02,17679.00,-74.19,60.28,52.47,19.64
2022-03-20 08:00:00 UTC,23.12,29.68,37.81,17917.78,-74.46,56.13,60.12,29.02
2022-03-20 12:00:00 UTC,22.24,28.95,37.96,18157.00,-75.98,61.49,57.05,26.51
2022-03-20 16:00:00 UTC,1.83,2.61,4.12,18397.00,-75.16,75.38,29.81,2.44
2022-03-20 20:00:00 UTC,1.97,3.09,5.78,18637.00,-75.99,74.23,33.24,2.91,
2022-03-20 00:00:00 UTC,4.51,6.20,8.69,17439.00,-73.85,70.47,32.53,6.20
2022-03-20 04:00:00 UTC,15.31,19.73,25.02,17679.00,-74.19,60.28,52.47,19.64
2022-03-20 08:00:00 UTC,23.12,29.68,37.81,17917.78,-74.46,56.13,60.12,29.02
2022-03-20 12:00:00 UTC,22.24,28.95,37.96,18157.00,-75.98,61.49,57.05,26.51
2022-03-20 16:00:00 UTC,1.83,2.61,4.12,18397.00,-75.16,75.38,29.81,2.44
2022-03-20 20:00:00 UTC,1.97,3.09,5.78,18637.00,-75.99,74.23,33.24,2.91
2022-03-21 00:00:00 UTC,1.74,2.84,5.99,18877.00,-76.33,67.69,54.90,2.84
2022-03-21 04:00:00 UTC,2.35,3.83,8.58,19117.00,-76.44,68.54,63.61,3.83
2022-03-21 08:00:00 UTC,3.05,5.15,11.53,19357.00,-78.17,69.28,71.79,5.15
2022-03-21 12:00:00 UTC,4.39,7.19,16.13,19597.00,-77.53,70.80,75.64,7.19
2022-03-21 16:00:00 UTC,7.67,11.40,22.06,19837.00,-77.55,75.40,72.50,11.39
2022-03-21 20:00:00 UTC,11.00,15.83,28.76,20077.00,-77.98,75.07,75.08,15.83,
2022-03-21 00:00:00 UTC,1.74,2.84,5.99,18877.00,-76.33,67.69,54.90,2.84
2022-03-21 04:00:00 UTC,2.35,3.83,8.58,19117.00,-76.44,68.54,63.61,3.83
2022-03-21 08:00:00 UTC,3.05,5.15,11.53,19357.00,-78.17,69.28,71.79,5.15
2022-03-21 12:00:00 UTC,4.39,7.19,16.13,19597.00,-77.53,70.80,75.64,7.19
2022-03-21 16:00:00 UTC,7.67,11.40,22.06,19837.00,-77.55,75.40,72.50,11.39
2022-03-21 20:00:00 UTC,11.00,15.83,28.76,20077.00,-77.98,75.07,75.08,15.83
2022-03-22 00:00:00 UTC,15.75,22.12,35.19,20315.81,-78.07,76.38,74.10,22.09
2022-03-22 04:00:00 UTC,14.68,20.88,34.74,20557.13,-78.12,75.87,72.49,20.87
2022-03-22 08:00:00 UTC,14.08,20.24,34.63,20796.38,-74.73,74.79,73.16,20.23
2022-03-22 12:00:00 UTC,2.15,3.27,6.46,1369.62,-77.67,64.97,71.20,3.27
2022-03-22 16:00:00 UTC,2.25,3.47,6.19,344.00,-79.22,77.30,45.98,3.47
2022-03-22 20:00:00 UTC,0.83,1.46,2.54,584.61,-79.96,77.19,33.53,1.46,
2022-03-22 00:00:00 UTC,15.75,22.12,35.19,20315.81,-78.07,76.38,74.10,22.09
2022-03-22 04:00:00 UTC,14.68,20.88,34.74,20557.13,-78.12,75.87,72.49,20.87
2022-03-22 08:00:00 UTC,14.08,20.24,34.63,20796.38,-74.73,74.79,73.16,20.23
2022-03-22 12:00:00 UTC,2.15,3.27,6.46,1369.62,-77.67,64.97,71.20,3.27
2022-03-22 16:00:00 UTC,2.25,3.47,6.19,344.00,-79.22,77.30,45.98,3.47
2022-03-22 20:00:00 UTC,0.83,1.46,2.54,584.61,-79.96,77.19,33.53,1.46
2022-03-23 00:00:00 UTC,0.94,1.27,2.02,825.00,-79.44,64.82,40.48,1.27
2022-03-23 04:00:00 UTC,2.37,2.99,4.93,1065.00,-77.10,57.93,40.80,2.99
2022-03-23 08:00:00 UTC,1.62,2.12,3.76,1305.00,-78.23,54.87,40.74,2.12
2022-03-23 12:00:00 UTC,2.16,3.03,5.36,1545.00,-77.03,57.07,40.02,3.03
2022-03-23 16:00:00 UTC,1.19,1.69,3.28,1785.00,-77.81,73.52,21.08,1.67
2022-03-23 20:00:00 UTC,1.03,1.38,2.81,2025.00,-76.24,75.81,18.62,1.38,
2022-03-23 00:00:00 UTC,0.94,1.27,2.02,825.00,-79.44,64.82,40.48,1.27
2022-03-23 04:00:00 UTC,2.37,2.99,4.93,1065.00,-77.10,57.93,40.80,2.99
2022-03-23 08:00:00 UTC,1.62,2.12,3.76,1305.00,-78.23,54.87,40.74,2.12
2022-03-23 12:00:00 UTC,2.16,3.03,5.36,1545.00,-77.03,57.07,40.02,3.03
2022-03-23 16:00:00 UTC,1.19,1.69,3.28,1785.00,-77.81,73.52,21.08,1.67
2022-03-23 20:00:00 UTC,1.03,1.38,2.81,2025.00,-76.24,75.81,18.62,1.38
2022-03-24 00:00:00 UTC,2.04,3.17,4.87,2265.00,-77.55,68.02,27.13,3.17
2022-03-24 04:00:00 UTC,2.93,4.54,6.01,2505.00,-79.75,61.57,35.58,4.54
2022-03-24 08:00:00 UTC,0.91,1.61,2.54,2745.00,-80.97,58.01,38.24,1.61
2022-03-24 12:00:00 UTC,1.34,2.39,4.34,2985.00,-79.89,61.03,41.11,2.39
2022-03-24 16:00:00 UTC,0.83,1.51,2.98,3225.00,-79.84,75.77,19.47,1.51
2022-03-24 20:00:00 UTC,1.42,2.11,2.97,3465.00,-79.77,75.92,17.28,2.11,
2022-03-24 00:00:00 UTC,2.04,3.17,4.87,2265.00,-77.55,68.02,27.13,3.17
2022-03-24 04:00:00 UTC,2.93,4.54,6.01,2505.00,-79.75,61.57,35.58,4.54
2022-03-24 08:00:00 UTC,0.91,1.61,2.54,2745.00,-80.97,58.01,38.24,1.61
2022-03-24 12:00:00 UTC,1.34,2.39,4.34,2985.00,-79.89,61.03,41.11,2.39
2022-03-24 16:00:00 UTC,0.83,1.51,2.98,3225.00,-79.84,75.77,19.47,1.51
2022-03-24 20:00:00 UTC,1.42,2.11,2.97,3465.00,-79.77,75.92,17.28,2.11
2022-03-25 00:00:00 UTC,3.02,4.43,5.91,3705.00,-79.07,66.55,26.48,4.43
2022-03-25 04:00:00 UTC,4.70,6.57,8.22,3945.00,-77.98,59.13,35.47,6.57
2022-03-25 08:00:00 UTC,5.39,7.57,9.61,4185.00,-77.53,54.07,47.39,7.57
2022-03-25 12:00:00 UTC,11.51,16.23,22.80,4425.00,-77.48,62.43,51.90,16.22
2022-03-25 16:00:00 UTC,2.66,4.14,6.18,4665.00,-79.79,86.38,17.27,4.14
2022-03-25 20:00:00 UTC,1.59,2.55,3.84,4905.00,-79.87,90.61,11.55,2.47,
2022-03-25 00:00:00 UTC,3.02,4.43,5.91,3705.00,-79.07,66.55,26.48,4.43
2022-03-25 04:00:00 UTC,4.70,6.57,8.22,3945.00,-77.98,59.13,35.47,6.57
2022-03-25 08:00:00 UTC,5.39,7.57,9.61,4185.00,-77.53,54.07,47.39,7.57
2022-03-25 12:00:00 UTC,11.51,16.23,22.80,4425.00,-77.48,62.43,51.90,16.22
2022-03-25 16:00:00 UTC,2.66,4.14,6.18,4665.00,-79.79,86.38,17.27,4.14
2022-03-25 20:00:00 UTC,1.59,2.55,3.84,4905.00,-79.87,90.61,11.55,2.47
2022-03-26 00:00:00 UTC,2.38,3.72,5.66,5145.00,-78.72,75.34,31.48,3.72
2022-03-26 04:00:00 UTC,9.16,12.92,17.67,5385.00,-78.47,65.02,53.33,12.92
2022-03-26 08:00:00 UTC,10.65,14.64,20.42,5625.00,-78.11,62.52,71.47,14.64
2022-03-26 12:00:00 UTC,9.66,13.80,20.74,5865.00,-77.88,68.12,68.18,13.80
2022-03-26 16:00:00 UTC,5.16,7.07,10.91,6099.84,-79.01,86.51,29.22,7.07
2022-03-26 20:00:00 UTC,4.23,5.87,9.90,6345.00,-77.38,89.36,27.54,5.87,
2022-03-26 00:00:00 UTC,2.38,3.72,5.66,5145.00,-78.72,75.34,31.48,3.72
2022-03-26 04:00:00 UTC,9.16,12.92,17.67,5385.00,-78.47,65.02,53.33,12.92
2022-03-26 08:00:00 UTC,10.65,14.64,20.42,5625.00,-78.11,62.52,71.47,14.64
2022-03-26 12:00:00 UTC,9.66,13.80,20.74,5865.00,-77.88,68.12,68.18,13.80
2022-03-26 16:00:00 UTC,5.16,7.07,10.91,6099.84,-79.01,86.51,29.22,7.07
2022-03-26 20:00:00 UTC,4.23,5.87,9.90,6345.00,-77.38,89.36,27.54,5.87
2022-03-27 00:00:00 UTC,5.32,7.49,12.77,6585.00,-76.90,74.52,58.41,7.49
2022-03-27 04:00:00 UTC,6.19,8.45,13.52,6825.00,-76.32,68.77,70.61,8.45
2022-03-27 08:00:00 UTC,3.53,5.00,8.99,7064.00,-77.03,66.94,72.70,5.00
2022-03-27 12:00:00 UTC,2.33,3.48,6.85,7303.00,-75.24,70.02,66.32,3.48
2022-03-27 16:00:00 UTC,1.51,2.26,4.90,7543.00,-76.60,86.27,34.18,2.26
2022-03-27 20:00:00 UTC,1.71,2.50,4.97,7783.00,-76.27,88.15,28.19,2.50,
2022-03-27 00:00:00 UTC,5.32,7.49,12.77,6585.00,-76.90,74.52,58.41,7.49
2022-03-27 04:00:00 UTC,6.19,8.45,13.52,6825.00,-76.32,68.77,70.61,8.45
2022-03-27 08:00:00 UTC,3.53,5.00,8.99,7064.00,-77.03,66.94,72.70,5.00
2022-03-27 12:00:00 UTC,2.33,3.48,6.85,7303.00,-75.24,70.02,66.32,3.48
2022-03-27 16:00:00 UTC,1.51,2.26,4.90,7543.00,-76.60,86.27,34.18,2.26
2022-03-27 20:00:00 UTC,1.71,2.50,4.97,7783.00,-76.27,88.15,28.19,2.50
2022-03-28 00:00:00 UTC,3.98,5.52,9.89,8023.81,-76.42,75.47,53.65,5.52
2022-03-28 04:00:00 UTC,3.49,4.95,8.09,8265.00,-79.38,70.44,68.18,4.95
2022-03-28 08:00:00 UTC,5.21,6.93,9.96,8505.00,-78.40,68.92,71.04,6.93
2022-03-28 12:00:00 UTC,3.50,4.96,7.58,8745.00,-79.16,72.88,63.27,4.96
2022-03-28 16:00:00 UTC,0.62,1.18,2.62,8985.00,-82.56,84.21,36.92,1.18
2022-03-28 20:00:00 UTC,1.15,1.90,3.44,9225.00,-82.38,85.16,37.61,1.90,
2022-03-28 00:00:00 UTC,3.98,5.52,9.89,8023.81,-76.42,75.47,53.65,5.52
2022-03-28 04:00:00 UTC,3.49,4.95,8.09,8265.00,-79.38,70.44,68.18,4.95
2022-03-28 08:00:00 UTC,5.21,6.93,9.96,8505.00,-78.40,68.92,71.04,6.93
2022-03-28 12:00:00 UTC,3.50,4.96,7.58,8745.00,-79.16,72.88,63.27,4.96
2022-03-28 16:00:00 UTC,0.62,1.18,2.62,8985.00,-82.56,84.21,36.92,1.18
2022-03-28 20:00:00 UTC,1.15,1.90,3.44,9225.00,-82.38,85.16,37.61,1.90
2022-03-29 00:00:00 UTC,2.30,3.59,6.40,9465.00,-81.35,76.50,60.49,3.59
2022-03-29 04:00:00 UTC,2.59,4.26,8.33,9705.00,-82.38,74.82,69.35,4.26
2022-03-29 08:00:00 UTC,3.30,5.45,11.06,9945.00,-82.91,74.38,69.80,5.45
2022-03-29 12:00:00 UTC,5.37,7.84,13.53,10185.00,-82.16,76.85,64.48,7.84
2022-03-29 16:00:00 UTC,4.03,6.10,10.33,10425.00,-82.86,83.88,46.34,6.10
2022-03-29 20:00:00 UTC,7.35,10.29,17.54,10664.00,-77.83,82.66,53.68,10.29,
2022-03-29 00:00:00 UTC,2.30,3.59,6.40,9465.00,-81.35,76.50,60.49,3.59
2022-03-29 04:00:00 UTC,2.59,4.26,8.33,9705.00,-82.38,74.82,69.35,4.26
2022-03-29 08:00:00 UTC,3.30,5.45,11.06,9945.00,-82.91,74.38,69.80,5.45
2022-03-29 12:00:00 UTC,5.37,7.84,13.53,10185.00,-82.16,76.85,64.48,7.84
2022-03-29 16:00:00 UTC,4.03,6.10,10.33,10425.00,-82.86,83.88,46.34,6.10
2022-03-29 20:00:00 UTC,7.35,10.29,17.54,10664.00,-77.83,82.66,53.68,10.29
2022-03-30 00:00:00 UTC,8.74,12.77,23.81,10903.00,-76.02,78.31,65.02,12.77
2022-03-30 04:00:00 UTC,5.05,8.25,18.85,11143.00,-76.10,76.72,67.72,8.25
2022-03-30 08:00:00 UTC,8.69,12.61,23.57,11383.00,-76.34,76.03,68.35,12.61
2022-03-30 12:00:00 UTC,9.69,14.19,26.80,11623.00,-76.51,75.74,70.08,14.19
2022-03-30 16:00:00 UTC,2.76,4.46,8.92,11863.00,-76.41,76.52,51.59,4.46
2022-03-30 20:00:00 UTC,1.21,1.97,5.20,12103.00,-78.36,87.13,22.69,1.97,
2022-03-30 00:00:00 UTC,8.74,12.77,23.81,10903.00,-76.02,78.31,65.02,12.77
2022-03-30 04:00:00 UTC,5.05,8.25,18.85,11143.00,-76.10,76.72,67.72,8.25
2022-03-30 08:00:00 UTC,8.69,12.61,23.57,11383.00,-76.34,76.03,68.35,12.61
2022-03-30 12:00:00 UTC,9.69,14.19,26.80,11623.00,-76.51,75.74,70.08,14.19
2022-03-30 16:00:00 UTC,2.76,4.46,8.92,11863.00,-76.41,76.52,51.59,4.46
2022-03-30 20:00:00 UTC,1.21,1.97,5.20,12103.00,-78.36,87.13,22.69,1.97
2022-03-31 00:00:00 UTC,4.56,6.18,9.58,12343.78,-80.61,77.42,32.11,6.18
2022-03-31 04:00:00 UTC,13.52,17.21,22.33,12584.00,-79.94,67.58,37.94,17.21
2022-03-31 08:00:00 UTC,5.92,7.74,9.43,12824.00,-78.32,60.63,45.58,7.74
2022-03-31 12:00:00 UTC,5.81,7.88,9.80,13064.00,-76.72,62.83,41.52,7.88
2022-03-31 16:00:00 UTC,4.29,5.77,7.25,13304.00,-78.66,78.42,24.08,5.77
2022-03-31 20:00:00 UTC,3.88,5.15,6.55,13544.00,-81.77,84.42,17.54,5.15,
2022-03-31 00:00:00 UTC,4.56,6.18,9.58,12343.78,-80.61,77.42,32.11,6.18
2022-03-31 04:00:00 UTC,13.52,17.21,22.33,12584.00,-79.94,67.58,37.94,17.21
2022-03-31 08:00:00 UTC,5.92,7.74,9.43,12824.00,-78.32,60.63,45.58,7.74
2022-03-31 12:00:00 UTC,5.81,7.88,9.80,13064.00,-76.72,62.83,41.52,7.88
2022-03-31 16:00:00 UTC,4.29,5.77,7.25,13304.00,-78.66,78.42,24.08,5.77
2022-03-31 20:00:00 UTC,3.88,5.15,6.55,13544.00,-81.77,84.42,17.54,5.15
2022-04-01 00:00:00 UTC,7.43,9.96,12.40,13784.00,-81.04,74.75,28.09,9.93
2022-04-01 04:00:00 UTC,5.52,7.58,9.63,14024.00,-79.98,69.78,33.81,7.58
2022-04-01 08:00:00 UTC,8.59,12.30,17.03,14264.00,-79.88,65.55,40.68,12.07
2022-04-01 12:00:00 UTC,7.36,10.18,13.36,14504.00,-78.83,68.59,41.23,10.16
2022-04-01 16:00:00 UTC,4.21,5.66,7.06,14744.00,-81.93,80.07,31.70,5.66
2022-04-01 20:00:00 UTC,5.36,7.13,8.54,14984.00,-80.91,79.18,33.48,7.13